Id,MSZoning,Neighborhood,OverallQual,GrLivArea,GarageCars,PredictedPrice
1461,RH,NAmes,5,896,1.0,125816.49029320879
1462,RL,NAmes,6,1329,1.0,138872.83726573753
1463,RL,Gilbert,5,1629,2.0,168052.9660825179
1464,RL,Gilbert,6,1604,2.0,197029.97111835185
1465,RL,StoneBr,8,1280,2.0,192811.33500097462
1466,RL,Gilbert,6,1655,2.0,166842.6192016879
1467,RL,Gilbert,6,1187,2.0,188009.61787620146
1468,RL,Gilbert,6,1465,2.0,158551.91472983308
1469,RL,Gilbert,7,1341,2.0,185745.51629780818
1470,RL,NAmes,4,882,2.0,111947.13182056892
1471,RH,NAmes,7,1337,2.0,194819.1415328728
1472,RM,BrDale,6,987,1.0,105815.57437890272
1473,RM,BrDale,5,1092,1.0,97512.8161533094
1474,RL,NPkVill,6,1456,2.0,148168.5448196305
1475,RL,NPkVill,7,836,1.0,125795.11823314171
1476,RL,NridgHt,9,2334,3.0,320175.677793824
1477,RL,NridgHt,8,1544,3.0,238014.2053077949
1478,RL,NridgHt,9,1698,3.0,275019.5859066221
1479,RL,NridgHt,8,1822,3.0,263727.52552332624
1480,RL,NridgHt,9,2696,3.0,436186.50256495137
1481,RL,NridgHt,8,2250,3.0,292148.11674692703
1482,RL,NridgHt,8,1370,2.0,210463.893387661
1483,RL,Gilbert,6,1324,2.0,171866.85395681614
1484,RL,Blmngtn,7,1145,2.0,170722.39227337835
1485,RL,Gilbert,7,1374,2.0,187921.01327454645
1486,RL,Gilbert,7,1733,2.0,199327.26138536297
1487,RL,NoRidge,8,2475,3.0,325910.0856164123
1488,RL,Somerst,8,1595,3.0,240843.72587455576
1489,FV,Somerst,7,1218,2.0,180177.63488725314
1490,FV,Somerst,6,1468,2.0,215032.47749740563
1491,RL,SawyerW,7,1659,2.0,195753.11004452952
1492,RH,SawyerW,5,1012,1.0,94592.43878571823
1493,RL,Sawyer,6,1494,2.0,200904.76724970902
1494,RL,NoRidge,8,2349,3.0,282994.89217023697
1495,RL,NoRidge,8,2225,3.0,270847.0132866065
1496,FV,Somerst,7,1488,2.0,216191.1800945607
1497,FV,Somerst,7,1680,2.0,172620.09226079835
1498,FV,Somerst,7,1200,2.0,158616.04845165685
1499,FV,Somerst,7,1200,2.0,157780.43757051267
1500,FV,Somerst,6,1236,2.0,145615.2912491832
1501,FV,Somerst,6,1512,2.0,152650.88028337955
1502,FV,Somerst,7,1080,2.0,153060.33107684946
1503,FV,Somerst,8,1418,3.0,271095.03708170436
1504,FV,Somerst,8,1848,2.0,240561.83934269004
1505,FV,Somerst,7,1492,2.0,213775.70004402826
1506,RL,NWAmes,6,1829,2.0,182929.5916449061
1507,RL,NWAmes,6,2495,2.0,241747.91624956962
1508,RL,NWAmes,6,1891,2.0,191177.05530039986
1509,RL,NWAmes,6,1645,2.0,151919.30282374437
1510,RL,NAmes,5,1232,2.0,128600.47205939662
1511,RL,NAmes,5,1209,2.0,137434.46534470926
1512,RL,NAmes,5,1510,2.0,167691.29316594976
1513,RL,NAmes,6,1775,2.0,141398.08294474785
1514,RL,NAmes,5,1728,0.0,140589.2998718814
1515,RL,NAmes,5,2461,2.0,185896.09211831883
1516,RL,NAmes,6,1556,2.0,147967.64107114467
1517,RL,NAmes,6,1128,1.0,167707.40881593086
1518,RL,NAmes,5,1604,2.0,125809.69176923882
1519,RL,NAmes,7,1480,2.0,216675.76171862753
1520,RL,NAmes,5,1143,1.0,122116.16136701494
1521,RL,NAmes,5,1206,1.0,124024.29734652847
1522,RL,NAmes,6,1580,2.0,167282.69459363332
1523,RL,NAmes,4,1337,1.0,100563.97731962858
1524,RL,NAmes,5,1064,1.0,119239.63056760776
1525,RL,NAmes,5,972,1.0,115621.92080361175
1526,RL,NAmes,5,988,1.0,99734.0226937761
1527,RL,NAmes,4,985,2.0,101597.49941442987
1528,RL,NAmes,6,1224,1.0,146495.91909083046
1529,RL,NAmes,5,1175,2.0,135467.96739298207
1530,RL,NAmes,6,1395,2.0,209306.56965187227
1531,RM,OldTown,4,1844,1.0,107073.42958864046
1532,RM,OldTown,5,936,0.0,101747.52080385381
1533,RM,OldTown,5,1347,2.0,149748.60811308736
1534,RM,OldTown,6,1251,1.0,129751.05784556622
1535,RM,OldTown,5,1633,1.0,147693.0566679581
1536,RM,OldTown,5,1245,1.0,107878.85876026361
1537,RM,OldTown,2,832,2.0,63726.33167207357
1538,RM,OldTown,8,1566,1.0,167665.49397494775
1539,RM,OldTown,8,2268,2.0,193587.91521519035
1540,RM,OldTown,5,2256,0.0,91665.76184286599
1541,RM,OldTown,6,1470,2.0,134944.1746710194
1542,RM,BrkSide,5,1612,1.0,132482.14065909895
1543,RL,BrkSide,7,2068,1.0,179153.16005238885
1544,RM,BrkSide,4,765,1.0,91293.2331725616
1545,RM,BrkSide,6,1132,1.0,122508.58269769516
1546,RM,BrkSide,6,1196,2.0,131277.74507009645
1547,RM,BrkSide,5,1453,1.0,130805.41016133752
1548,RM,BrkSide,6,1416,1.0,137166.5923288872
1549,RM,BrkSide,5,1040,2.0,120476.55139130686
1550,RM,BrkSide,5,1536,2.0,119100.37519896154
1551,RM,OldTown,6,1068,1.0,114095.46890739354
1552,RM,OldTown,4,1962,2.0,127206.04454168704
1553,RM,OldTown,6,1560,0.0,145135.34484330445
1554,RM,OldTown,6,1324,1.0,127738.42910595512
1555,RL,ClearCr,5,1675,1.0,145443.1050419867
1556,RL,ClearCr,5,1224,1.0,88008.93871143907
1557,RL,SWISU,5,1392,0.0,88581.25490693453
1558,RL,SWISU,6,919,1.0,106434.47596775797
1559,C (all),SWISU,4,1884,0.0,72806.22289299901
1560,RH,SWISU,5,1680,2.0,124080.73945559048
1561,RL,Sawyer,4,1832,0.0,104581.00031687094
1562,RL,Sawyer,5,892,1.0,132161.54120553407
1563,RL,Sawyer,5,864,1.0,113217.1826386234
1564,RL,Sawyer,5,1373,2.0,150724.58040267395
1565,RL,Sawyer,5,1440,2.0,139580.5798272873
1566,RL,ClearCr,7,1483,2.0,246474.95792517165
1567,RL,Sawyer,4,756,2.0,77435.40231877773
1568,RL,ClearCr,6,1981,2.0,210376.51772322907
1569,RL,Edwards,3,1610,1.0,109950.07806498335
1570,RL,Edwards,6,1074,1.0,146284.53559215635
1571,RL,Edwards,4,1531,1.0,116952.23388137633
1572,RL,Edwards,5,1172,1.0,140181.15917908013
1573,RL,Edwards,7,1508,2.0,236762.57418041525
1574,RL,Edwards,5,1298,2.0,110971.9353445368
1575,RL,SawyerW,7,1433,2.0,222630.79814302415
1576,RL,SawyerW,6,1802,4.0,253865.09201341541
1577,RL,CollgCr,7,1222,2.0,187630.36949323388
1578,RL,SawyerW,6,1445,2.0,133095.051184301
1579,RL,CollgCr,5,965,2.0,132891.04417267692
1580,RL,CollgCr,7,1692,2.0,194133.78486017778
1581,RL,CollgCr,5,1026,1.0,161230.99472730808
1582,RL,CollgCr,5,876,2.0,120816.39521921598
1583,RL,CollgCr,8,1978,3.0,299885.879860541
1584,RL,CollgCr,7,2098,2.0,227841.61512935616
1585,RM,CollgCr,6,848,2.0,142747.32740417245
1586,RL,Edwards,3,640,1.0,76762.02464401431
1587,RL,Edwards,5,992,1.0,110531.7591749394
1588,RL,Edwards,5,1196,1.0,146626.49349457628
1589,RL,Edwards,4,1120,2.0,101058.98756338679
1590,RL,Edwards,6,1096,1.0,134103.88165778495
1591,RL,Edwards,4,960,0.0,90510.25359746379
1592,RL,SWISU,5,1296,1.0,112353.23484579164
1593,RL,SWISU,6,856,2.0,124783.68391255522
1594,RH,SWISU,4,2650,0.0,130541.78989158265
1595,RL,SWISU,5,1666,0.0,91406.9051241279
1596,RL,Crawfor,7,2133,1.0,206213.92693716887
1597,RL,Crawfor,5,2177,2.0,159305.896254178
1598,RL,Crawfor,7,1652,2.0,198212.34153785833
1599,RM,Blueste,8,1034,2.0,190524.22987026966
1600,RM,Blueste,8,1191,2.0,176455.63527108857
1601,RM,IDOTRR,2,540,1.0,66917.02893147427
1602,RM,IDOTRR,6,1107,1.0,120633.50132356182
1603,C (all),IDOTRR,4,952,1.0,93765.86201161923
1604,RM,Crawfor,8,1646,2.0,253143.28996488784
1605,RL,Mitchel,8,1916,3.0,243997.1580528491
1606,RL,Mitchel,6,1285,2.0,169087.58615117415
1607,RL,Mitchel,6,2048,2.0,172916.365473652
1608,RL,Timber,7,1346,3.0,212235.12399151226
1609,RL,Timber,7,1214,2.0,181135.05773239804
1610,RL,Timber,5,1444,2.0,142150.38487631222
1611,RL,Mitchel,5,1264,2.0,130824.78335127706
1612,RL,Mitchel,5,1430,2.0,163030.76457598398
1613,RL,Mitchel,5,1344,2.0,161291.46493745106
1614,RM,MeadowV,5,945,1.0,131098.42596248494
1615,RM,MeadowV,4,1092,0.0,100191.34510991545
1616,RM,MeadowV,4,1092,0.0,80994.96466700247
1617,RM,MeadowV,4,1092,1.0,98196.6103746863
1618,RL,Mitchel,5,874,1.0,125597.6448943852
1619,RL,Mitchel,5,833,2.0,147282.72020767082
1620,RL,Mitchel,5,2432,2.0,147088.8291548374
1621,RL,Mitchel,5,1274,2.0,132084.99346080856
1622,RL,Mitchel,5,1479,1.0,139992.50459263014
1623,RL,Mitchel,8,1803,2.0,268145.7244068031
1624,RL,Mitchel,6,1797,2.0,204885.15137712145
1625,RL,NAmes,6,882,1.0,121600.56031442268
1626,RL,NAmes,6,1434,2.0,161465.69281442504
1627,RL,Gilbert,6,1608,2.0,185019.84897977184
1628,RL,Gilbert,8,2283,3.0,283860.2143404507
1629,RL,Gilbert,7,1628,2.0,177840.77571376058
1630,RL,StoneBr,8,2522,2.0,329947.53472642397
1631,RL,StoneBr,8,1478,2.0,201819.88023538224
1632,RL,StoneBr,8,1734,2.0,221959.53278242183
1633,RL,Gilbert,7,1382,2.0,182352.4731856438
1634,RL,Gilbert,6,1636,2.0,178420.41650869563
1635,RL,Gilbert,6,1516,2.0,171341.49973883622
1636,RL,Gilbert,6,1190,2.0,153149.79178001982
1637,RL,Gilbert,5,1934,2.0,182666.56246098573
1638,RL,NWAmes,7,2050,2.0,201107.23853793633
1639,RL,NWAmes,6,1671,2.0,183945.62381251086
1640,RL,NWAmes,7,2673,2.0,261518.00788700665
1641,RL,NWAmes,6,1707,2.0,176000.76417936306
1642,FV,Somerst,7,1884,2.0,222101.41792238684
1643,FV,Somerst,8,1874,2.0,222613.81218819498
1644,FV,Somerst,8,1811,2.0,234691.9575451443
1645,RL,NWAmes,5,1621,2.0,225774.2246685449
1646,RL,NWAmes,6,1116,2.0,159450.87131784786
1647,RL,NWAmes,7,1193,2.0,159264.40767383022
1648,RL,NAmes,5,1180,2.0,124470.04770221784
1649,RL,NAmes,5,1050,1.0,137326.4648225912
1650,RL,NAmes,4,864,2.0,112396.11487295972
1651,RL,NAmes,4,864,2.0,122166.88603514546
1652,RM,BrDale,6,987,1.0,105205.57804522707
1653,RM,BrDale,6,987,1.0,111961.01066047633
1654,RL,NPkVill,6,1548,2.0,142824.84531031692
1655,RL,NPkVill,7,1055,2.0,143731.1884687368
1656,RL,NPkVill,6,1456,2.0,137182.09417967135
1657,RL,NPkVill,6,1548,2.0,141675.15175883373
1658,RL,NPkVill,6,1456,2.0,146048.99666908768
1659,RL,NPkVill,7,836,1.0,132513.25849401182
1660,RL,NAmes,5,1120,2.0,155546.83157724052
1661,RL,NridgHt,9,2772,3.0,398704.79034076974
1662,RL,NridgHt,9,2690,3.0,353747.84040530585
1663,RL,NridgHt,9,2020,3.0,341064.2968630373
1664,RL,NridgHt,10,2674,3.0,482608.7151866566
1665,RL,NridgHt,9,1736,3.0,284933.73798187205
1666,RL,NridgHt,8,1782,3.0,309411.58595171466
1667,RL,NridgHt,8,2520,3.0,334023.3455509481
1668,RL,NridgHt,9,1743,3.0,322563.3259637963
1669,RL,NridgHt,9,1531,3.0,290042.3193834267
1670,RL,NridgHt,9,1808,3.0,320222.58357922215
1671,RL,NridgHt,7,1760,2.0,247827.55163946626
1672,RL,NridgHt,9,2452,3.0,397849.6662733436
1673,RL,NridgHt,8,2400,3.0,282854.83141874877
1674,RL,NridgHt,8,1606,3.0,248453.7088594191
1675,RL,NridgHt,6,1358,2.0,185555.97542311618
1676,RL,NridgHt,6,1306,2.0,188985.92338539878
1677,RL,NridgHt,7,1358,2.0,203179.525236822
1678,RL,NridgHt,10,2492,3.0,454023.9401379338
1679,RL,NridgHt,8,2200,3.0,330424.17906553275
1680,RL,NridgHt,9,1884,2.0,290877.45639998716
1681,RL,NridgHt,9,1456,2.0,231489.62381327045
1682,RL,NridgHt,8,1712,3.0,277323.6730506571
1683,RL,NridgHt,7,1405,2.0,185283.27871559077
1684,RL,Gilbert,7,1456,2.0,187326.5450521537
1685,RL,Gilbert,6,1490,2.0,176923.36945038693
1686,RL,Blmngtn,7,1220,2.0,176843.75065956937
1687,RL,Gilbert,7,1374,2.0,181688.9108108912
1688,RL,Gilbert,7,1630,2.0,195984.9782193485
1689,RL,Gilbert,7,1594,2.0,204233.42374445783
1690,RL,Gilbert,7,1489,2.0,199988.8288255953
1691,RL,Gilbert,7,1342,2.0,192346.95298322363
1692,RL,Gilbert,8,2004,3.0,257771.93488843265
1693,RL,Gilbert,7,1374,2.0,181088.9134076517
1694,RL,Gilbert,6,1514,2.0,176993.35070744992
1695,RL,Gilbert,7,1430,2.0,169289.99672856153
1696,RL,Gilbert,7,2312,3.0,264499.0165202245
1697,RL,Gilbert,7,1430,2.0,180525.91362512283
1698,RL,NoRidge,8,2687,3.0,340423.1115656281
1699,RL,NoRidge,8,2063,3.0,318680.31717534724
1700,RL,NoRidge,7,2061,2.0,244726.62166868476
1701,RL,NoRidge,8,2232,2.0,264814.1532319206
1702,RL,Somerst,8,1696,3.0,254919.48094837338
1703,RL,Somerst,8,1658,3.0,242615.47792938093
1704,RL,Somerst,8,1702,3.0,275336.8132826922
1705,RL,Somerst,8,1432,2.0,241310.66580161624
1706,RL,Somerst,9,2490,3.0,400856.61485566106
1707,FV,Somerst,7,1436,2.0,193469.03260041255
1708,FV,Somerst,7,1402,2.0,199578.98991656705
1709,FV,Somerst,9,1530,3.0,274799.0546257052
1710,FV,Somerst,8,1448,2.0,221968.60261527952
1711,FV,Somerst,8,1795,3.0,260309.95919722674
1712,FV,Somerst,8,1836,2.0,242882.61392094783
1713,FV,Somerst,7,1662,3.0,247269.45284612227
1714,FV,Somerst,7,1553,2.0,218803.72683066214
1715,FV,Somerst,7,1653,2.0,201677.6179523545
1716,RL,SawyerW,7,1218,2.0,188252.67880240586
1717,RL,SawyerW,7,1141,2.0,180864.6538405177
1718,RL,SawyerW,6,1158,0.0,138406.95771547442
1719,RL,SawyerW,7,1812,2.0,205066.0732332385
1720,RL,SawyerW,8,1512,3.0,253953.0707987491
1721,RL,SawyerW,7,1114,2.0,174354.63423791886
1722,RL,SawyerW,5,1114,0.0,127542.29522916967
1723,RL,SawyerW,5,1114,2.0,150314.8201121463
1724,RL,SawyerW,7,1450,3.0,204811.73153062316
1725,RL,SawyerW,7,2122,2.0,234941.5218868634
1726,RL,SawyerW,6,1730,2.0,194523.29689665997
1727,RL,SawyerW,6,1332,2.0,151175.44134735074
1728,RL,SawyerW,7,1540,2.0,184479.39067355823
1729,RL,SawyerW,6,1400,2.0,164533.26379925202
1730,RL,SawyerW,6,1882,2.0,177741.06321656314
1731,RL,Sawyer,5,980,2.0,116760.13731319873
1732,RL,Sawyer,5,864,2.0,124475.37961644708
1733,RL,Sawyer,5,864,1.0,114013.6112948001
1734,RL,Sawyer,5,1020,1.0,115895.18071886509
1735,RL,Sawyer,5,912,1.0,141914.40366351456
1736,RL,Sawyer,5,912,1.0,113640.400318052
1737,RL,Veenker,8,2014,3.0,372356.0959963673
1738,RL,NoRidge,7,1755,2.0,257965.27410964484
1739,FV,Somerst,7,3005,3.0,263394.86641759437
1740,FV,Somerst,6,1726,2.0,188986.78215415165
1741,FV,Somerst,6,1256,2.0,178562.34847606174
1742,FV,Somerst,6,1512,2.0,154012.21212993993
1743,FV,Somerst,7,1452,2.0,171026.1377052302
1744,RL,Veenker,8,1694,2.0,337062.6500857384
1745,RL,Veenker,7,1740,2.0,205437.22957539387
1746,RL,Veenker,8,2499,2.0,207623.98209924312
1747,RL,NWAmes,7,2067,2.0,233700.5460500845
1748,RL,NWAmes,6,2640,2.0,232874.46561980213
1749,RL,NWAmes,5,1336,2.0,141724.15412977466
1750,RL,NWAmes,6,1216,1.0,130308.2621296456
1751,RL,NWAmes,7,2288,2.0,278364.838924938
1752,RL,NAmes,5,864,1.0,119106.66504375859
1753,RL,NAmes,5,1568,2.0,136624.085178544
1754,RL,NWAmes,7,2061,2.0,202375.1441427492
1755,RL,NWAmes,6,1320,2.0,153359.21662493097
1756,RL,NAmes,4,894,2.0,126100.70852855044
1757,RL,NAmes,5,864,1.0,119982.04603716441
1758,RL,NAmes,4,1362,3.0,133457.13474999467
1759,RL,NAmes,5,1728,2.0,157411.71221333538
1760,RL,NAmes,5,1313,2.0,162679.90989416433
1761,RL,NAmes,5,1292,2.0,139917.41173058725
1762,RL,NAmes,5,2140,2.0,174808.1005226496
1763,RL,NAmes,6,1576,2.0,167181.14790032065
1764,RL,NAmes,5,960,1.0,111584.32528190949
1765,RL,NAmes,6,1691,2.0,167438.08198749786
1766,RL,NAmes,6,1453,2.0,195362.17795817176
1767,RL,NAmes,6,1567,2.0,239375.2142107314
1768,RL,NAmes,5,1144,1.0,139403.23506960005
1769,RL,NAmes,7,1329,2.0,173651.52018270368
1770,RL,NAmes,6,988,1.0,160769.2023817209
1771,RL,NAmes,5,1202,1.0,117569.07405422279
1772,RL,NAmes,5,1382,1.0,128962.16240468746
1773,RL,NAmes,4,1200,1.0,115461.92912609094
1774,RL,NAmes,5,1866,2.0,132808.4448556815
1775,RL,NAmes,6,1062,1.0,142558.6930775386
1776,RL,NAmes,5,1112,2.0,124803.57604123064
1777,RL,NAmes,5,793,1.0,104777.64051904567
1778,RL,NAmes,5,1031,1.0,144000.8850901046
1779,RL,NAmes,5,1210,1.0,123384.26412770434
1780,RL,NAmes,7,1527,2.0,175717.1667734314
1781,RL,NAmes,5,1200,1.0,122760.64749388327
1782,RL,OldTown,3,792,1.0,85265.35675077919
1783,RL,OldTown,5,1352,2.0,144910.7835622677
1784,RL,OldTown,4,1039,1.0,106215.80358991087
1785,RL,OldTown,5,1078,1.0,114817.80664690942
1786,RL,OldTown,4,2377,2.0,136786.79624072218
1787,RL,OldTown,7,1690,2.0,170729.18577693973
1788,RL,OldTown,2,599,0.0,64281.972780587304
1789,RL,OldTown,5,846,2.0,105731.33608002594
1790,RL,OldTown,3,725,1.0,68556.75559013792
1791,RL,NAmes,6,2544,3.0,195724.1098815257
1792,RL,NAmes,6,1380,1.0,163305.0159818773
1793,RL,NAmes,6,1040,2.0,136372.78154288136
1794,RL,NAmes,6,951,2.0,171093.03533615445
1795,RL,NAmes,6,1105,1.0,130896.10746590316
1796,RL,NAmes,6,1142,1.0,138001.8233649625
1797,RL,NAmes,6,1133,2.0,135126.6782183125
1798,RL,NAmes,5,1041,1.0,118089.86155650855
1799,RL,NAmes,5,732,1.0,110399.48274724817
1800,RL,NAmes,5,1183,1.0,115626.7316473614
1801,RL,NAmes,4,1461,1.0,117287.42383203522
1802,RL,NAmes,6,1495,2.0,144236.78853657033
1803,RL,NAmes,6,1806,2.0,143700.45690636715
1804,RL,NAmes,5,941,2.0,140194.00987516742
1805,RL,NAmes,6,1045,1.0,137884.30256337012
1806,RM,OldTown,6,1378,1.0,139848.21096769095
1807,RM,OldTown,6,1944,2.0,133344.50036621
1808,RM,OldTown,5,1306,2.0,117471.70969003692
1809,RM,OldTown,5,1464,0.0,114890.42886904896
1810,RM,OldTown,5,1558,2.0,132768.58444709898
1811,RM,OldTown,4,1701,0.0,90722.60837817441
1812,RM,OldTown,5,1447,0.0,94999.73603724143
1813,RM,OldTown,5,1328,1.0,122479.00293056243
1814,RM,OldTown,4,861,2.0,90628.13451126826
1815,RM,OldTown,2,612,1.0,61944.86021045494
1816,RM,OldTown,5,792,1.0,106967.42741522899
1817,RM,OldTown,4,1510,2.0,97996.6875006712
1818,RM,OldTown,6,2007,1.0,138225.1148399716
1819,RM,OldTown,6,1288,1.0,125985.73002741064
1820,C (all),OldTown,4,816,0.0,67021.27962879158
1821,RM,OldTown,6,1480,1.0,121524.69819137285
1822,RM,OldTown,6,1521,3.0,146522.54868324494
1823,C (all),IDOTRR,3,797,0.0,55449.24695341529
1824,RL,BrkSide,6,1432,1.0,128170.31259200539
1825,RL,BrkSide,5,1654,1.0,131036.73404290764
1826,RM,BrkSide,5,1142,1.0,103335.61839068252
1827,RM,BrkSide,5,995,1.0,103277.43568003064
1828,RM,BrkSide,5,1582,1.0,129279.2125709217
1829,RM,BrkSide,5,1072,5.0,120472.3548748671
1830,RM,OldTown,6,1768,2.0,138311.21335846026
1831,RM,OldTown,7,1944,1.0,157814.61913587444
1832,RM,OldTown,5,2128,0.0,84766.08053264748
1833,RM,IDOTRR,6,1930,1.0,135470.86020305348
1834,RM,OldTown,6,1427,1.0,132749.292232008
1835,RM,OldTown,7,1864,0.0,110183.93820178018
1836,RM,IDOTRR,6,1666,1.0,127502.30854479442
1837,RM,IDOTRR,4,892,0.0,90870.4927420573
1838,RM,IDOTRR,6,1403,1.0,124047.96805036474
1839,RL,Sawyer,4,704,1.0,113515.40859528097
1840,RL,Edwards,5,1200,0.0,124785.42544690701
1841,RL,Edwards,5,1152,1.0,126398.95214850955
1842,RL,Edwards,5,1112,1.0,86927.29007348062
1843,RL,Sawyer,5,1052,1.0,132455.59320712913
1844,RL,Sawyer,6,1034,2.0,137506.73934747707
1845,RL,Sawyer,5,1774,1.0,134509.32664109571
1846,RL,Sawyer,6,1138,2.0,148883.35340077433
1847,RL,ClearCr,5,2071,1.0,152270.9844002933
1848,RL,Sawyer,2,660,0.0,56569.19337901011
1849,RL,Edwards,4,1383,2.0,113797.5791155612
1850,RL,Edwards,5,1073,1.0,112150.24577027973
1851,RL,Edwards,6,1639,1.0,150610.2058865684
1852,RL,Edwards,5,1089,1.0,122526.80262923898
1853,RL,Edwards,5,1049,1.0,125039.532693984
1854,RL,SawyerW,7,1061,2.0,170826.79166145314
1855,RL,SawyerW,6,1338,2.0,158944.78482475306
1856,RL,SawyerW,7,1879,2.0,226579.57801304755
1857,RL,SawyerW,5,2016,2.0,135788.94721847365
1858,RL,SawyerW,5,2228,2.0,144803.7872692932
1859,RL,SawyerW,5,1535,2.0,122589.99585256705
1860,RL,SawyerW,5,1229,2.0,144635.57815475317
1861,RL,SawyerW,5,1513,2.0,121821.30711109219
1862,RL,SawyerW,7,2787,4.0,296675.69171815476
1863,RL,SawyerW,7,2787,4.0,289747.37009455863
1864,RL,SawyerW,7,2787,4.0,289769.773589039
1865,RL,CollgCr,9,1680,3.0,327020.4178003377
1866,RL,CollgCr,9,1720,3.0,314051.15543365723
1867,RL,CollgCr,8,1468,3.0,240082.30178307468
1868,RL,CollgCr,8,1838,2.0,286759.7021603898
1869,RL,CollgCr,7,1290,2.0,213998.48057820456
1870,RL,CollgCr,8,1254,3.0,233520.05192846074
1871,RL,CollgCr,8,1498,3.0,250775.0559363908
1872,RL,CollgCr,6,1422,2.0,174759.8670559303
1873,RL,ClearCr,7,1759,2.0,220697.14927735363
1874,RL,CollgCr,5,990,1.0,155416.14167525928
1875,RL,CollgCr,7,1463,2.0,195129.0188709777
1876,RL,CollgCr,6,1772,2.0,187549.28706190566
1877,RL,CollgCr,7,1444,2.0,213932.8169328964
1878,RL,CollgCr,7,1492,2.0,216872.87252076692
1879,RL,CollgCr,5,907,1.0,124716.48617300003
1880,RL,CollgCr,5,914,2.0,133820.7406016553
1881,RL,CollgCr,7,1611,3.0,256375.62121920724
1882,RL,CollgCr,8,2184,2.0,253981.3264970323
1883,RL,CollgCr,7,1725,2.0,188908.71760421968
1884,RL,CollgCr,7,1870,2.0,206188.92092344086
1885,RL,CollgCr,8,1513,2.0,236583.16180069704
1886,RL,CollgCr,8,1828,2.0,271620.1920625429
1887,RL,CollgCr,7,1417,2.0,217305.75266319767
1888,RL,CollgCr,8,1602,3.0,286185.05617560557
1889,RL,CollgCr,6,1396,2.0,166702.5396015543
1890,RL,Edwards,4,1149,1.0,116626.34534137667
1891,RM,Edwards,6,1072,2.0,138255.89032319878
1892,RL,Edwards,4,876,1.0,95728.77696503594
1893,RL,Edwards,5,1368,1.0,124966.01471518615
1894,RL,Edwards,5,1678,0.0,117047.54428423593
1895,RL,Edwards,5,1560,1.0,133375.25905891028
1896,RL,Edwards,5,1298,1.0,124532.35452614211
1897,RH,SWISU,5,1268,1.0,109032.83222976529
1898,RL,SWISU,6,1242,1.0,120994.49959248335
1899,RL,Crawfor,6,1232,2.0,154274.52534344103
1900,RL,Crawfor,7,1228,1.0,155874.9057481041
1901,RL,Crawfor,5,1567,2.0,145233.3948947321
1902,RL,Crawfor,5,1273,1.0,133973.5042587598
1903,RL,Crawfor,7,2480,2.0,209993.41951850944
1904,RL,Crawfor,5,1112,1.0,132048.01614304716
1905,RL,Crawfor,6,1561,2.0,177394.17677312787
1906,RL,Crawfor,5,1523,1.0,149808.54960661454
1907,RL,Crawfor,6,1906,2.0,182043.2420552305
1908,RM,Blueste,6,1032,2.0,126359.83001043611
1909,RM,Blueste,6,1229,2.0,147511.44235884896
1910,RM,Blueste,6,1229,2.0,135510.57275510335
1911,RL,Crawfor,6,1982,2.0,195112.28686123953
1912,RL,Crawfor,7,2365,2.0,323886.1424139642
1913,RM,IDOTRR,5,2168,2.0,137265.1103152768
1914,C (all),IDOTRR,4,572,1.0,79960.30483667564
1915,RM,Crawfor,8,1648,2.0,254708.74718934848
1916,,IDOTRR,2,810,1.0,59919.58738465178
1917,RL,Mitchel,8,2052,3.0,253893.8402720769
1918,RL,Mitchel,6,926,1.0,143735.79854027915
1919,RL,Mitchel,6,1287,2.0,186362.5035102638
1920,RL,Mitchel,5,1595,2.0,149533.64580007433
1921,RL,Timber,9,2036,3.0,346421.02619085636
1922,RL,Timber,9,1641,3.0,297143.32411510625
1923,RL,Timber,6,2237,2.0,239281.06490940962
1924,RL,Timber,7,1479,2.0,213732.05164806524
1925,RL,Timber,7,2014,2.0,213731.6031008068
1926,RL,Timber,9,1978,3.0,358353.44920231897
1927,RL,Mitchel,5,1008,1.0,137085.25167153552
1928,RL,Mitchel,5,1404,2.0,147638.3253159446
1929,RL,Mitchel,5,796,1.0,130667.1909936259
1930,RL,Mitchel,6,1091,1.0,141411.01568616004
1931,RL,Mitchel,5,883,2.0,142016.0325333411
1932,RL,Mitchel,5,1287,2.0,131235.4824575758
1933,RL,Mitchel,5,1632,2.0,192649.68905069982
1934,RL,Gilbert,6,1604,2.0,179019.51618842443
1935,RL,Gilbert,6,1470,2.0,166026.95510906697
1936,RL,Gilbert,6,1604,2.0,184110.17935889316
1937,RL,Gilbert,6,1636,2.0,173810.16493280887
1938,RL,Gilbert,5,1384,2.0,160755.5267001509
1939,RL,StoneBr,8,1682,2.0,233814.32078858535
1940,RL,StoneBr,8,1280,2.0,194683.1078634028
1941,RL,Gilbert,6,1633,2.0,172049.9043882169
1942,RL,Gilbert,6,1709,2.0,172225.23884414593
1943,RL,StoneBr,8,1337,2.0,201279.36780518712
1944,RL,StoneBr,8,2500,3.0,306012.0278653935
1945,RL,StoneBr,9,1884,3.0,332661.51106274
1946,RL,Gilbert,6,1474,2.0,131809.11546371452
1947,RL,StoneBr,9,1710,2.0,270077.5053884746
1948,RL,Gilbert,6,1488,2.0,170746.46379323976
1949,RL,NWAmes,7,1688,2.0,247751.53867452976
1950,RL,NWAmes,7,1260,2.0,200704.23847984246
1951,RL,NWAmes,7,2064,2.0,253878.05264158963
1952,RL,NWAmes,7,1782,2.0,222219.4705967744
1953,RL,NWAmes,6,1211,2.0,164969.33091398288
1954,RL,NWAmes,7,2044,2.0,193509.7033316291
1955,RL,NWAmes,5,1308,2.0,130234.54473668287
1956,RL,NWAmes,7,2840,4.0,379624.1644460196
1957,RL,NWAmes,6,1444,2.0,147069.6677718207
1958,RL,NWAmes,8,2340,3.0,310910.0716208337
1959,RL,NAmes,5,1792,2.0,136688.25584403286
1960,RL,NAmes,4,936,1.0,108818.01178328514
1961,RL,NAmes,5,864,2.0,120326.30149972111
1962,RM,BrDale,6,987,1.0,107636.6313770518
1963,RM,BrDale,6,987,1.0,121185.69666938757
1964,RM,BrDale,5,1302,1.0,105604.43030323442
1965,RL,NPkVill,6,1456,2.0,148850.47196084473
1966,RL,NPkVill,7,1055,2.0,144159.85466685749
1967,RL,NridgHt,8,1582,3.0,272932.48841087526
1968,RL,NridgHt,8,2464,3.0,376859.2261664009
1969,RL,NridgHt,9,1950,3.0,333350.69852027006
1970,RL,NridgHt,9,2748,3.0,386999.7049067446
1971,RL,NridgHt,10,2790,4.0,469271.9774800701
1972,RL,NridgHt,9,2331,3.0,360038.41003207327
1973,RL,NridgHt,8,2088,3.0,269804.81649219757
1974,RL,NridgHt,8,2332,3.0,305160.95310709055
1975,RL,NridgHt,10,2470,3.0,464629.57209711603
1976,RL,NridgHt,8,1575,3.0,273271.7577590558
1977,RL,NridgHt,8,2649,3.0,330682.3844326125
1978,RL,NridgHt,8,2690,3.0,327379.03107138386
1979,RL,NridgHt,9,1866,3.0,293667.8105731385
1980,RL,NridgHt,7,1367,2.0,186935.61655075566
1981,RL,NridgHt,9,1800,3.0,305934.5825801166
1982,RL,NridgHt,8,1342,2.0,218086.45252953187
1983,RL,NridgHt,8,1342,2.0,208257.57492664023
1984,RL,NridgHt,7,1626,2.0,175188.17094767158
1985,RL,Blmngtn,7,1455,3.0,226890.66971988737
1986,RM,Blmngtn,7,1576,3.0,218042.84328783472
1987,RL,Blmngtn,7,1246,2.0,190311.12327745292
1988,RL,Gilbert,6,1515,2.0,176786.03028881887
1989,RL,Gilbert,7,1720,2.0,199793.9741090673
1990,RL,Gilbert,7,1986,2.0,217110.4025872248
1991,RL,NridgHt,7,1358,2.0,217039.03316407124
1992,RL,Gilbert,7,1892,2.0,220806.4702715777
1993,RL,Gilbert,7,1414,2.0,180867.87102383823
1994,RL,Gilbert,7,2322,2.0,242445.5868840931
1995,RL,Gilbert,7,1651,2.0,186761.56530390694
1996,RL,NoRidge,8,2199,2.0,243736.8807057032
1997,RL,NoRidge,9,2172,3.0,294336.64687991404
1998,RL,NoRidge,8,2006,3.0,303353.98096162913
1999,RL,NoRidge,7,2125,2.0,264771.0637797936
2000,RL,NoRidge,8,2501,3.0,327403.2170304218
2001,RL,NoRidge,7,2197,3.0,268161.6784855463
2002,RL,Somerst,7,1578,3.0,231117.93028433665
2003,RL,Somerst,8,1861,3.0,257276.55102153937
2004,RL,Somerst,8,1874,3.0,279822.29261689814
2005,RL,Somerst,8,1460,2.0,226585.96996347824
2006,FV,Somerst,8,1372,2.0,215560.17566274392
2007,FV,Somerst,8,1660,3.0,245638.27988660886
2008,FV,Somerst,7,1218,2.0,198350.57342957723
2009,RL,SawyerW,6,1696,2.0,194913.9391848881
2010,RL,SawyerW,7,1663,2.0,200802.87037557623
2011,RL,SawyerW,6,1175,0.0,147031.20597036293
2012,RL,SawyerW,7,1162,2.0,181514.65299717133
2013,RL,SawyerW,6,1609,2.0,176734.2738811108
2014,RL,SawyerW,6,1680,2.0,183481.34572324948
2015,RL,SawyerW,7,1657,2.0,199458.2335690242
2016,RL,SawyerW,6,1677,2.0,187312.6006450871
2017,RL,SawyerW,7,1737,2.0,196065.3380328453
2018,RL,Sawyer,5,984,1.0,124709.2617804786
2019,RL,Sawyer,5,864,1.0,143390.01593929462
2020,RL,Sawyer,5,890,1.0,99889.12640339599
2021,RL,Sawyer,5,864,1.0,106794.14500262047
2022,RL,Veenker,6,1430,2.0,170838.02337307652
2023,RL,Sawyer,5,1641,2.0,134135.2419860731
2024,RL,NoRidge,6,2683,2.0,268510.39497456397
2025,RL,NoRidge,9,2786,2.0,354072.1320644098
2026,FV,Somerst,7,1245,2.0,175968.9780998547
2027,FV,Somerst,6,1200,2.0,151082.2496201113
2028,FV,Somerst,7,1392,2.0,161319.59250378227
2029,FV,Somerst,6,1549,2.0,152615.1250917767
2030,FV,Somerst,9,1638,2.0,258162.06611465805
2031,FV,Somerst,9,1310,2.0,238536.34667259664
2032,FV,Somerst,9,1419,2.0,245636.07183084157
2033,FV,Somerst,9,1557,2.0,247810.9324401404
2034,FV,Somerst,7,1404,2.0,167262.011778869
2035,FV,Somerst,7,1789,2.0,209304.50974320728
2036,FV,Somerst,8,1586,2.0,198547.52859743696
2037,FV,Somerst,8,1607,2.0,201512.09398001997
2038,FV,Somerst,10,2393,2.0,338661.9868383439
2039,RL,Veenker,8,1239,2.0,213930.89849471487
2040,RL,Veenker,9,2944,3.0,303650.4947857718
2041,RL,Veenker,8,1671,2.0,298857.58502935147
2042,FV,Somerst,7,1812,2.0,201269.33672764729
2043,RL,NWAmes,6,1427,2.0,181296.53586400225
2044,RL,NWAmes,6,1740,2.0,179167.19395205585
2045,RL,NWAmes,7,1620,2.0,221055.7997646423
2046,RL,NWAmes,5,1625,2.0,140036.30707408072
2047,RL,NAmes,5,1464,2.0,138794.11308418517
2048,RL,NAmes,5,925,2.0,143271.6502274818
2049,RL,NAmes,5,1728,2.0,136917.7546383958
2050,RL,NWAmes,7,1670,2.0,177968.50772854232
2051,RL,NAmes,5,1014,1.0,115579.20455440319
2052,RL,NAmes,5,1114,2.0,122973.56602833202
2053,RL,NAmes,5,1118,1.0,148525.5023826374
2054,RL,BrkSide,4,906,1.0,98106.93962124578
2055,RL,NAmes,5,1496,2.0,147687.26029575724
2056,RL,NAmes,5,1337,1.0,149555.30414311425
2057,RL,NAmes,5,1036,1.0,115829.39774787368
2058,RL,NAmes,6,1988,2.0,205181.98773957946
2059,RL,NAmes,5,1176,1.0,124207.35741940864
2060,RL,NAmes,5,1440,1.0,177692.79868902417
2061,RL,NAmes,6,1570,2.0,178599.672472051
2062,RL,NAmes,5,1104,1.0,120851.43759611073
2063,RL,NAmes,5,882,1.0,114138.108420187
2064,RL,NAmes,5,1152,2.0,129898.77326716011
2065,RL,NAmes,5,950,2.0,112795.75333823722
2066,RL,NAmes,6,1790,2.0,157574.75540095757
2067,RL,NAmes,5,1764,1.0,121446.67267509938
2068,RL,NAmes,5,1824,2.0,137515.05115437973
2069,RL,OldTown,4,869,1.0,93704.25006010417
2070,RL,OldTown,5,1159,1.0,119218.09943029491
2071,RL,OldTown,4,672,1.0,97719.67112059663
2072,RL,OldTown,5,1436,4.0,142467.88320829053
2073,RL,NAmes,5,1044,2.0,131742.86660573308
2074,RL,NAmes,7,1312,2.0,178489.94853583025
2075,RL,NAmes,6,1081,1.0,143240.74803616374
2076,RL,NAmes,5,876,2.0,125092.78031775025
2077,RL,NAmes,5,1256,1.0,137634.51693978434
2078,RL,NAmes,5,1027,1.0,114851.50989262748
2079,RL,NAmes,6,1320,2.0,134035.79772474122
2080,RL,NAmes,6,984,1.0,121795.99902930268
2081,RL,NAmes,6,1278,1.0,124790.06110811367
2082,RL,NAmes,5,1800,0.0,117216.65811151147
2083,RL,NAmes,5,1588,2.0,140126.923226583
2084,RL,NAmes,5,825,1.0,112765.2211476057
2085,RL,NAmes,5,1117,1.0,113889.28097888669
2086,RM,OldTown,6,1133,1.0,134381.94601771788
2087,RM,OldTown,5,1323,2.0,129330.71040944321
2088,RM,OldTown,5,1360,1.0,100974.9602919735
2089,RM,OldTown,5,672,1.0,83708.67830308693
2090,RM,OldTown,6,1456,1.0,135652.58079767384
2091,RM,OldTown,4,1594,0.0,90864.05018887021
2092,RM,OldTown,4,1656,2.0,121517.86127019617
2093,RM,OldTown,5,1740,1.0,117798.56298153014
2094,RM,OldTown,7,1027,0.0,116947.12511801663
2095,RM,OldTown,6,1436,2.0,144832.4296931894
2096,RM,OldTown,5,899,1.0,90632.66648017928
2097,RM,OldTown,5,1080,0.0,102426.06088316314
2098,RM,OldTown,5,1499,3.0,140467.20043852186
2099,RM,OldTown,2,407,1.0,66021.36396166123
2100,RM,OldTown,3,1588,0.0,72563.64049335547
2101,RM,OldTown,5,1627,2.0,101681.59212782074
2102,RM,OldTown,7,1450,1.0,143970.78310167027
2103,RM,OldTown,5,1017,1.0,99941.45990621642
2104,RM,OldTown,5,2350,2.0,131236.73752130065
2105,RM,OldTown,5,1540,0.0,128776.08362089118
2106,RM,OldTown,2,1086,2.0,59287.133396646364
2107,RM,OldTown,7,2495,2.0,173825.8407034887
2108,RM,OldTown,5,984,1.0,114711.764187477
2109,RM,OldTown,4,1093,1.0,106370.50108736717
2110,RL,BrkSide,5,1143,1.0,127304.65847344883
2111,RM,BrkSide,7,1668,1.0,160291.23832071098
2112,RL,BrkSide,5,1738,1.0,120760.55745502548
2113,RM,BrkSide,5,1210,1.0,123826.12738256909
2114,RM,BrkSide,6,1290,1.0,125130.4273016842
2115,RM,BrkSide,6,1672,1.0,155449.32251665476
2116,RM,BrkSide,5,949,2.0,118324.76930698435
2117,RM,BrkSide,6,1497,1.0,150209.18543708863
2118,RM,BrkSide,6,1342,1.0,123012.05296120506
2119,RM,BrkSide,6,1013,1.0,119931.51376532366
2120,RM,BrkSide,5,1216,1.0,122863.66578770382
2121,RM,BrkSide,4,896,1.0,100723.14261092704
2122,RM,BrkSide,4,1136,1.0,103369.28657003144
2123,RM,BrkSide,5,808,1.0,98473.22553454615
2124,RM,BrkSide,7,2009,2.0,162696.36024851183
2125,RM,OldTown,5,1902,2.0,121823.02383011182
2126,RL,BrkSide,6,1716,2.0,131096.39562789584
2127,RM,OldTown,6,1984,1.0,158628.0097864258
2128,RM,OldTown,6,1609,1.0,137646.36141869644
2129,RM,IDOTRR,6,768,2.0,109692.80562540266
2130,RM,IDOTRR,6,1536,1.0,130451.12882153694
2131,RM,IDOTRR,6,1969,2.0,149584.07734046428
2132,RM,IDOTRR,5,1308,2.0,109396.92580142319
2133,RM,IDOTRR,6,1040,2.0,116632.94963809167
2134,RM,IDOTRR,6,1236,1.0,117021.56638185511
2135,RM,IDOTRR,5,759,2.0,104707.78660876439
2136,RM,IDOTRR,3,1344,0.0,66944.5868694505
2137,RL,Sawyer,5,1054,1.0,111489.2781385938
2138,RL,Sawyer,5,1075,2.0,126759.9996184212
2139,RL,Sawyer,6,1096,2.0,142701.4529024748
2140,RL,Sawyer,5,992,1.0,143768.91293316832
2141,RL,Sawyer,6,1034,2.0,173831.50764408137
2142,RL,Sawyer,5,1073,1.0,121815.93446741984
2143,RL,Sawyer,5,1126,2.0,140185.07481146752
2144,RL,Sawyer,5,1140,2.0,101305.08611403241
2145,RL,Sawyer,5,960,1.0,146545.62801233138
2146,RL,Sawyer,6,1188,2.0,174206.62957308313
2147,RL,ClearCr,5,1721,2.0,128192.4695351808
2148,RL,Sawyer,5,1350,3.0,137269.61280140045
2149,RL,Sawyer,5,904,3.0,160736.8085342066
2150,RL,ClearCr,7,1524,2.0,214687.59724489538
2151,RL,Edwards,7,1079,1.0,124539.23472504527
2152,RL,Edwards,5,1518,0.0,151698.2727166163
2153,RL,Edwards,5,1509,1.0,185665.66407161482
2154,RL,Edwards,5,864,0.0,105592.8550076991
2155,RL,Edwards,6,1269,1.0,148885.58097105764
2156,RL,SawyerW,6,2814,2.0,271089.35558605025
2157,RL,SawyerW,7,1626,2.0,231928.48680891868
2158,RL,SawyerW,7,2200,2.0,233696.10862908358
2159,RL,SawyerW,7,2037,2.0,220901.6700830098
2160,RL,CollgCr,7,1356,2.0,187621.81702499415
2161,RL,CollgCr,8,1615,3.0,258902.0919403998
2162,RL,CollgCr,9,2276,3.0,453055.59697272815
2163,RL,CollgCr,9,1766,3.0,328364.3112609191
2164,RL,SawyerW,8,1511,3.0,247607.9441365082
2165,RL,ClearCr,6,1643,2.0,190537.15591241026
2166,RL,CollgCr,5,990,2.0,156466.38079003463
2167,RL,CollgCr,7,1418,2.0,215587.0254321273
2168,RL,CollgCr,6,1771,2.0,187062.03743371903
2169,RL,CollgCr,7,1652,2.0,200725.6640371653
2170,RL,CollgCr,7,1823,2.0,211426.61690377456
2171,RL,CollgCr,5,1174,2.0,156556.4612531202
2172,RL,CollgCr,5,1076,2.0,134029.81665471927
2173,RL,CollgCr,5,1558,2.0,179372.79571737885
2174,RL,CollgCr,7,2161,2.0,228006.23396551222
2175,RL,CollgCr,9,1947,3.0,303749.58937290026
2176,RL,CollgCr,8,1786,3.0,290323.67147151835
2177,RL,CollgCr,7,2327,2.0,240743.7043743169
2178,RL,CollgCr,8,1764,2.0,224198.74952685292
2179,RM,CollgCr,6,848,2.0,144347.24236732343
2180,RM,CollgCr,6,1838,3.0,207785.19743901625
2181,RL,CollgCr,7,1445,2.0,194170.93388704362
2182,RL,CollgCr,7,1564,3.0,231560.50067742085
2183,RL,CollgCr,7,1361,2.0,198015.57422719809
2184,RL,Edwards,5,1092,1.0,125146.51308956831
2185,RL,Edwards,5,1033,2.0,126676.2416750145
2186,RL,Edwards,6,1127,2.0,152699.5150444278
2187,RL,Edwards,6,1117,2.0,160215.4019046654
2188,RL,Edwards,6,1398,2.0,165716.45925632326
2189,RL,Edwards,5,3820,2.0,298807.5882319607
2190,RL,Edwards,4,1152,0.0,84570.4019557559
2191,RL,Edwards,4,1152,0.0,84225.53506527573
2192,RL,Edwards,4,784,0.0,81997.0494159879
2193,RL,Edwards,5,1053,0.0,109635.12866983867
2194,RL,Edwards,5,1137,0.0,117285.47042437167
2195,RL,Edwards,4,930,1.0,101459.51409408398
2196,RL,Edwards,4,1204,1.0,104885.43200999667
2197,RL,Edwards,4,1292,1.0,115472.93565438486
2198,RL,SWISU,7,1424,1.0,167451.10345195292
2199,RL,SWISU,6,1920,2.0,183742.5013114512
2200,RL,Crawfor,6,1316,1.0,133774.64394860846
2201,RL,Crawfor,6,1264,2.0,127588.20813284359
2202,RL,Crawfor,8,1512,1.0,204236.4102731891
2203,RL,Crawfor,6,1603,2.0,116756.07054031763
2204,RL,Crawfor,5,1938,1.0,150394.37635746616
2205,RL,Crawfor,5,1374,1.0,107843.73407275738
2206,RL,Crawfor,6,1091,1.0,141345.6879909158
2207,RL,Crawfor,8,1873,2.0,208775.10756811872
2208,RL,Crawfor,7,2161,2.0,253408.73670134018
2209,RL,Crawfor,5,1898,2.0,189231.82546590423
2210,RM,Blueste,6,1032,2.0,132583.07492107863
2211,RM,IDOTRR,6,919,1.0,126669.93280978453
2212,RM,IDOTRR,6,1090,1.0,129122.84971688977
2213,RM,IDOTRR,5,1200,0.0,105816.6830876857
2214,RM,IDOTRR,5,1656,1.0,135976.3715506811
2215,RM,IDOTRR,5,912,1.0,108738.39466794228
2216,RM,IDOTRR,5,1955,1.0,138587.33933929485
2217,,IDOTRR,1,733,2.0,71411.3036365374
2218,C (all),IDOTRR,4,1361,1.0,91593.45485845307
2219,C (all),IDOTRR,4,1049,1.0,89791.01966528819
2220,C (all),IDOTRR,4,864,1.0,88744.01203202386
2221,RM,Crawfor,8,1648,2.0,259065.8909069935
2222,RM,Crawfor,7,1646,2.0,240389.08037967773
2223,RL,Mitchel,7,2032,3.0,272533.52676155657
2224,RL,Mitchel,7,1820,3.0,220824.74933986677
2225,RL,Mitchel,5,1872,2.0,124234.04959362607
2226,RL,Mitchel,4,1689,2.0,164945.8652517903
2227,RL,Timber,7,1501,2.0,208707.67726032878
2228,RL,Timber,8,1537,3.0,268203.7206938061
2229,RL,Timber,8,1780,2.0,248431.00123472122
2230,RL,Timber,5,1442,2.0,142825.23256873546
2231,RL,Timber,7,1612,3.0,207494.0931254507
2232,RL,Timber,6,1495,2.0,180359.44806479345
2233,RL,Timber,6,1256,2.0,181982.36363734884
2234,RL,Timber,8,1440,2.0,247529.3551992915
2235,RL,Timber,6,1675,2.0,209553.35291604672
2236,RL,Timber,8,1728,2.0,263775.51952935033
2237,RL,Timber,8,1964,3.0,307736.4703756472
2238,RM,Mitchel,7,1344,4.0,201921.56796182692
2239,RL,Mitchel,5,1092,0.0,122851.05211277919
2240,RM,Mitchel,6,1189,2.0,150276.44679802205
2241,RL,Mitchel,4,1200,3.0,135033.86076282308
2242,RM,MeadowV,5,1040,2.0,126617.93644463432
2243,RM,MeadowV,5,1475,1.0,137342.01502395724
2244,RM,MeadowV,4,988,1.0,112244.28796832597
2245,RM,MeadowV,4,988,1.0,106495.91179265895
2246,RL,Mitchel,5,1160,1.0,138552.07749617947
2247,RM,MeadowV,6,1092,0.0,140585.6791254055
2248,RL,Mitchel,5,816,1.0,133241.99780514394
2249,RL,Mitchel,5,845,1.0,126112.53561561811
2250,RL,Mitchel,5,889,2.0,130137.80615421715
2251,,IDOTRR,5,1836,1.0,98968.00434972478
2252,RL,NAmes,6,1587,2.0,176159.53909336877
2253,RL,Gilbert,6,1384,2.0,159116.4141135174
2254,RL,Gilbert,6,1694,2.0,175613.09607480696
2255,RL,Gilbert,6,1714,2.0,190951.92472179764
2256,RL,Gilbert,7,1553,2.0,180828.4012323043
2257,RL,Gilbert,6,2299,2.0,205510.61593075507
2258,RL,Gilbert,7,1187,2.0,167554.10844174825
2259,RL,Gilbert,6,1642,2.0,173663.23664052683
2260,RL,Gilbert,6,1128,2.0,154485.79867820162
2261,RL,StoneBr,8,1179,2.0,186201.64387219958
2262,RL,StoneBr,8,1321,2.0,208409.29820258886
2263,RL,StoneBr,8,2541,3.0,331996.97648397426
2264,RL,StoneBr,9,2338,3.0,497789.88105902413
2265,RL,Gilbert,5,1424,3.0,145684.14236771927
2266,RL,StoneBr,9,1612,2.0,265761.2045498835
2267,RL,StoneBr,8,2234,2.0,347665.04798232304
2268,RL,StoneBr,10,2042,3.0,397924.57034287415
2269,RL,NWAmes,6,1284,2.0,155090.4436851302
2270,RL,NWAmes,7,1479,2.0,207023.4154228715
2271,RL,NWAmes,7,1664,2.0,221094.21800628584
2272,RL,NWAmes,7,1930,2.0,206887.36384272948
2273,RL,NWAmes,6,1177,2.0,166307.38121082174
2274,RL,NWAmes,6,1353,2.0,172458.78776577412
2275,RL,NWAmes,6,1220,2.0,168427.00638817475
2276,RL,NWAmes,7,1324,2.0,201554.58950063735
2277,RL,NWAmes,6,1877,2.0,177982.62370839357
2278,RL,NAmes,5,1422,2.0,148716.905812918
2279,RL,NAmes,5,914,1.0,124896.9207948951
2280,RL,NAmes,4,914,1.0,118154.04238462995
2281,RH,NAmes,6,1337,2.0,173379.29913477506
2282,RH,NAmes,6,1337,2.0,180569.77786442707
2283,RM,BrDale,6,1092,1.0,119685.66461384787
2284,RM,BrDale,6,1218,1.0,117212.75748327728
2285,RL,NPkVill,7,1055,1.0,153656.0608484022
2286,RL,NAmes,5,988,1.0,120988.86895126141
2287,RL,NridgHt,9,1816,3.0,321678.3470269065
2288,RL,NridgHt,8,1694,3.0,260947.41011753073
2289,RL,NridgHt,8,2122,3.0,332852.4872079768
2290,RL,NridgHt,9,2656,3.0,404546.23401788104
2291,RL,NridgHt,8,2550,3.0,301458.91071758466
2292,RL,NridgHt,10,2046,3.0,420296.690454561
2293,RL,NridgHt,9,2552,3.0,432341.5090722272
2294,RL,NridgHt,9,2758,3.0,370987.6130159585
2295,RL,NridgHt,10,2290,3.0,456240.51610919856
2296,RL,NridgHt,8,2152,2.0,258203.08351153982
2297,RL,NridgHt,8,2100,3.0,301911.14804437617
2298,RL,NridgHt,9,1802,3.0,309711.4873788769
2299,RL,NridgHt,8,2956,3.0,355484.4878008696
2300,RL,NridgHt,8,2385,3.0,311795.1519535201
2301,RL,NridgHt,8,1818,3.0,279405.85002587433
2302,RL,NridgHt,7,1614,3.0,252516.8219644772
2303,RL,NridgHt,8,1721,2.0,249680.24281396111
2304,RL,NridgHt,8,1828,3.0,247960.14432709847
2305,RL,NridgHt,6,1302,2.0,186648.56650133643
2306,RL,NridgHt,6,1302,2.0,187958.0147116793
2307,RL,NridgHt,6,1362,2.0,190857.2314224414
2308,RL,NridgHt,8,1554,2.0,230415.76733678166
2309,RL,NridgHt,9,1577,2.0,265908.77358540567
2310,RL,NridgHt,8,1324,2.0,209921.02999044507
2311,RL,NridgHt,7,1405,2.0,204162.6973048666
2312,RL,Gilbert,6,1496,2.0,177314.2457975472
2313,RL,Gilbert,6,1536,2.0,175892.54405683442
2314,RL,Gilbert,7,1458,2.0,183456.81434940666
2315,RL,Gilbert,6,1495,2.0,181882.17122044848
2316,RL,Gilbert,6,1746,3.0,183622.37294668905
2317,RL,Gilbert,6,1326,2.0,184341.7071263295
2318,RL,Gilbert,6,1504,2.0,178142.5803192126
2319,RL,Gilbert,7,1456,2.0,187546.521488594
2320,RL,Gilbert,7,1258,2.0,194865.09819897698
2321,RL,Blmngtn,8,1589,3.0,246399.09632315364
2322,RL,Blmngtn,7,1266,2.0,193382.9048284414
2323,RL,Gilbert,7,1119,2.0,189787.86918941507
2324,RL,Gilbert,7,1374,2.0,192349.71985406315
2325,RL,Gilbert,7,1525,2.0,216990.05119226887
2326,RL,Gilbert,7,1394,2.0,186746.83478256848
2327,RL,Gilbert,7,1948,2.0,209264.23443312285
2328,RL,Gilbert,7,1995,2.0,230873.6709730001
2329,RL,Gilbert,6,1690,2.0,188107.46469454595
2330,RL,Gilbert,6,1644,2.0,187649.40236180468
2331,RL,NoRidge,8,2551,3.0,346770.4959611917
2332,RL,NoRidge,9,3078,3.0,395347.72413989605
2333,RL,NoRidge,8,2582,3.0,330252.7815485875
2334,RL,NoRidge,7,2385,3.0,244176.96129953832
2335,RL,NoRidge,8,2202,2.0,269721.11173385
2336,RL,NoRidge,8,2538,3.0,321429.60230489715
2337,RL,Somerst,7,1369,2.0,196834.44562514016
2338,RL,Somerst,8,1542,3.0,258465.52053407967
2339,RL,Somerst,8,1534,2.0,234274.47869951258
2340,RL,Somerst,10,1966,3.0,386487.3516811256
2341,RL,Somerst,7,1528,2.0,200002.56501757543
2342,RL,Somerst,8,1538,2.0,237442.5227345466
2343,RL,Somerst,7,1506,2.0,233811.8393923571
2344,RL,Somerst,7,1977,3.0,220881.88371148778
2345,RL,Somerst,8,1830,3.0,241342.3107882615
2346,FV,Somerst,8,1338,2.0,210653.13574068926
2347,FV,Somerst,7,1335,2.0,189304.91447601907
2348,FV,Somerst,8,1792,2.0,240136.9356063221
2349,FV,Somerst,5,1588,2.0,161261.12999549892
2350,FV,Somerst,8,1880,3.0,282741.5985742732
2351,FV,Somerst,8,1584,2.0,231465.48164885165
2352,FV,Somerst,8,1685,3.0,248771.0074942342
2353,FV,Somerst,6,2443,3.0,238930.12778235905
2354,RL,SawyerW,6,1100,0.0,139783.48746442166
2355,RL,SawyerW,7,1143,0.0,157100.4984038203
2356,RL,SawyerW,5,1094,2.0,155078.65973536138
2357,RL,SawyerW,7,1486,2.0,202569.38531013834
2358,RL,SawyerW,6,1820,2.0,191274.2425834234
2359,RL,SawyerW,6,1266,1.0,137466.70627383277
2360,RL,Sawyer,5,894,1.0,116805.42091464628
2361,RL,Sawyer,5,1040,2.0,144025.48868859446
2362,RL,Veenker,7,2503,2.0,273977.37589796446
2363,RL,Sawyer,5,1037,2.0,134109.4184058003
2364,RL,Sawyer,6,1055,2.0,185660.64756975643
2365,FV,Somerst,8,1378,2.0,226740.7176819216
2366,FV,Somerst,8,1151,2.0,190074.84310453548
2367,FV,Somerst,8,1565,2.0,214345.8742910811
2368,FV,Somerst,7,1352,2.0,194204.08880278643
2369,FV,Somerst,8,1550,2.0,207181.0037600234
2370,FV,Somerst,6,1501,2.0,156382.69857059364
2371,FV,Somerst,6,1573,2.0,156399.41305785842
2372,FV,Somerst,7,1358,2.0,185291.98173085618
2373,FV,Somerst,8,2048,2.0,283235.74273162056
2374,FV,Somerst,8,2362,2.0,344266.7938339247
2375,RL,Veenker,8,1494,2.0,245385.9404741385
2376,RL,Veenker,7,2362,2.0,291108.49307766155
2377,RL,Veenker,8,2497,2.0,346055.99075124844
2378,RL,NWAmes,6,1152,2.0,145203.64604656288
2379,RL,NWAmes,6,2411,2.0,203418.47004706546
2380,RL,NWAmes,6,1082,2.0,153891.3037800003
2381,RL,NWAmes,6,1295,2.0,164471.0236926304
2382,RL,NWAmes,7,1610,2.0,237015.07956998478
2383,RL,NWAmes,7,1594,2.0,211301.5500737264
2384,RL,NWAmes,7,2075,2.0,245980.01556865717
2385,RL,NWAmes,6,1093,2.0,168534.9002061392
2386,RL,NWAmes,6,1052,1.0,130389.39750826672
2387,RL,NAmes,5,1107,1.0,132914.26689318605
2388,RL,NAmes,4,1224,3.0,108436.84893670573
2389,RL,NAmes,5,1074,2.0,123793.9730657244
2390,RL,NAmes,5,1187,2.0,138040.9856340753
2391,RL,NAmes,5,964,2.0,151673.04943504804
2392,RL,NAmes,5,894,1.0,117905.4648467276
2393,RL,NAmes,7,1200,2.0,169907.92350261885
2394,RL,NAmes,6,1042,2.0,134318.40411683935
2395,RL,NAmes,6,2154,2.0,213782.73404276813
2396,RL,NAmes,6,1374,1.0,148794.28296715004
2397,RL,NAmes,6,1652,2.0,222294.7685351782
2398,RL,NAmes,5,908,2.0,133775.0542241745
2399,RL,BrkSide,3,666,0.0,68629.49091219198
2400,RL,BrkSide,3,670,0.0,70131.02785415252
2401,RL,BrkSide,5,808,1.0,129592.9302235046
2402,RL,NAmes,5,1150,1.0,136591.54215459278
2403,RL,NAmes,5,1560,3.0,140939.32086046747
2404,RL,NAmes,5,1280,2.0,147235.86673475063
2405,RL,NAmes,6,1254,2.0,157003.1930773529
2406,RL,NAmes,6,936,1.0,149585.11804879075
2407,RL,NAmes,5,1008,1.0,126826.87447683042
2408,RL,NAmes,5,1053,2.0,154408.1217260626
2409,RL,NAmes,5,1144,1.0,120108.19692895954
2410,RL,NAmes,6,1721,2.0,181459.33657156985
2411,RL,NAmes,5,922,1.0,110117.29597689938
2412,RL,NAmes,5,1411,1.0,151707.72388878913
2413,RL,NAmes,5,1216,1.0,120799.29850880012
2414,RL,NAmes,5,1154,1.0,152570.70615438803
2415,RL,NAmes,5,1560,2.0,127993.82377605248
2416,RL,NAmes,6,948,2.0,128161.92089613517
2417,RL,NAmes,6,1040,1.0,143188.23560530477
2418,RL,NAmes,5,925,1.0,136969.73410160496
2419,RL,NAmes,4,1540,1.0,109904.56356990688
2420,RL,NAmes,5,925,1.0,121279.18269510775
2421,RL,NAmes,4,1647,1.0,121247.83981828809
2422,RL,OldTown,5,924,1.0,107626.92199868344
2423,RL,OldTown,4,1544,0.0,103638.99413720863
2424,RL,NAmes,5,1728,1.0,154868.4159332259
2425,RL,NAmes,5,3086,3.0,201604.69393316415
2426,RL,OldTown,4,1281,2.0,124580.24487144503
2427,RL,OldTown,5,1534,0.0,121236.04840196215
2428,RL,NAmes,7,1651,1.0,183475.31236038863
2429,RL,NAmes,5,888,1.0,119927.58491353033
2430,RL,NAmes,6,952,1.0,139001.5227536805
2431,RL,NAmes,5,1238,1.0,106156.8955966352
2432,RL,NAmes,5,1040,1.0,142482.90100432298
2433,RL,NAmes,5,1170,1.0,145682.73978195954
2434,RL,NAmes,5,1242,1.0,127278.20876347015
2435,RL,NAmes,5,1377,1.0,139814.82313219013
2436,RL,NAmes,5,925,1.0,114987.34369999752
2437,RL,NAmes,5,864,1.0,109151.95075882802
2438,RL,NAmes,5,936,1.0,118369.56821563227
2439,RM,OldTown,5,960,2.0,116779.21098168317
2440,RM,OldTown,6,1296,2.0,127703.07481845314
2441,RM,OldTown,5,1022,1.0,98731.4600049245
2442,RM,OldTown,5,967,1.0,103123.31935082414
2443,RM,OldTown,5,1072,2.0,132648.83172939115
2444,RM,OldTown,5,1174,2.0,123351.8517919402
2445,RM,OldTown,4,1141,1.0,92067.61876889311
2446,RM,OldTown,4,1798,2.0,123782.74699257045
2447,RM,OldTown,8,1772,2.0,202575.11871722515
2448,RM,OldTown,6,1642,1.0,137411.8957906542
2449,RM,OldTown,5,1232,2.0,121146.73676460894
2450,RM,OldTown,6,1650,2.0,143951.88525342007
2451,RM,OldTown,5,1358,1.0,121190.67107153448
2452,RM,OldTown,7,2454,2.0,184614.01684094872
2453,RM,OldTown,4,968,1.0,101342.84694112759
2454,RM,OldTown,4,1382,1.0,124157.27467805397
2455,RL,BrkSide,5,1060,1.0,123316.75207848761
2456,RM,BrkSide,5,1435,1.0,126647.58232661488
2457,RM,BrkSide,5,1274,1.0,128655.62798783796
2458,RM,BrkSide,6,1232,1.0,130946.77201230482
2459,RM,BrkSide,5,884,1.0,114188.70779508207
2460,RM,BrkSide,6,1409,2.0,134484.07655604024
2461,RM,BrkSide,5,1322,1.0,131996.7871536411
2462,RM,BrkSide,5,1426,1.0,132811.61094725534
2463,RM,BrkSide,5,1281,2.0,119069.54290363277
2464,RM,OldTown,6,2264,1.0,167524.98897744503
2465,RL,BrkSide,6,1376,2.0,142189.43282474426
2466,RL,BrkSide,5,1316,2.0,109285.05381673032
2467,RM,OldTown,7,1344,2.0,142432.04347963343
2468,RM,OldTown,5,1173,1.0,85138.26564865145
2469,RM,OldTown,5,1214,1.0,80460.19426156479
2470,RM,IDOTRR,6,2294,2.0,186601.21595561254
2471,RM,IDOTRR,7,1952,1.0,251467.99700815504
2472,RM,IDOTRR,6,2180,2.0,149503.17267352727
2473,RM,IDOTRR,4,1315,2.0,109728.85642585823
2474,RM,IDOTRR,4,1484,1.0,74747.13851426984
2475,RL,Sawyer,7,2267,2.0,230463.74752502484
2476,RL,SWISU,5,1282,1.0,105481.41286702441
2477,RL,Sawyer,5,999,1.0,107573.74872610667
2478,RL,Sawyer,5,1452,2.0,144706.51117809364
2479,RL,Sawyer,4,1005,2.0,95455.8660355705
2480,RL,Sawyer,5,1020,2.0,154501.2007151014
2481,RL,Sawyer,5,1040,1.0,117746.63704279975
2482,RL,Sawyer,5,868,2.0,120523.57738010987
2483,RL,Sawyer,5,897,1.0,114188.55261779956
2484,RL,Sawyer,5,943,2.0,122683.48985714593
2485,RL,Sawyer,5,912,1.0,132365.1934848959
2486,RL,Sawyer,5,1375,1.0,135411.7315678315
2487,RL,Sawyer,5,2654,2.0,155425.12050933513
2488,RL,Sawyer,7,1302,1.0,180788.4349992662
2489,RL,Sawyer,6,1299,2.0,154013.08907742854
2490,RL,Sawyer,5,1176,1.0,138466.09900549776
2491,RL,Sawyer,4,998,2.0,107292.68761029013
2492,RL,ClearCr,6,1522,2.0,200081.75279387782
2493,RL,Edwards,5,1325,2.0,153497.17982890032
2494,RL,Edwards,5,1630,2.0,146232.03657576742
2495,RL,Edwards,4,1242,1.0,95906.7760599672
2496,RL,ClearCr,6,2422,2.0,246229.90184709485
2497,RL,Edwards,6,1626,1.0,158125.58931030004
2498,RL,SWISU,5,864,1.0,111197.558790555
2499,RL,Edwards,4,943,1.0,95892.86710375323
2500,RL,Edwards,5,1038,1.0,129209.14048045826
2501,RL,Edwards,5,1342,1.0,132036.94883509303
2502,RL,Edwards,5,1480,1.0,143099.35960418178
2503,RL,Edwards,4,1362,1.0,97481.52026653028
2504,RL,SawyerW,6,1822,2.0,166825.01303603532
2505,RL,SawyerW,7,1958,2.0,223418.82551333806
2506,RL,CollgCr,8,1651,3.0,262162.1966649844
2507,RL,CollgCr,8,2140,3.0,296864.48377643863
2508,RL,CollgCr,8,1651,3.0,265304.71236204717
2509,RL,CollgCr,7,1546,3.0,229204.29955333268
2510,RL,CollgCr,8,1500,2.0,236656.76273640592
2511,RL,CollgCr,7,1270,2.0,185000.27536999143
2512,RL,CollgCr,7,1795,2.0,208710.4434733954
2513,RL,SawyerW,7,1873,2.0,236056.66587914474
2514,RL,ClearCr,8,1743,2.0,271242.3564663647
2515,RL,CollgCr,5,1022,2.0,144459.9421560684
2516,RL,CollgCr,6,1308,2.0,180384.86839489752
2517,RL,CollgCr,5,990,1.0,152868.41510609706
2518,RL,CollgCr,5,1097,1.0,144778.7070560274
2519,RL,CollgCr,7,1873,2.0,233255.1275832998
2520,RL,CollgCr,7,1753,2.0,215332.78567844632
2521,RL,CollgCr,7,1690,2.0,196983.91727688207
2522,RL,CollgCr,7,1842,2.0,225510.2176546827
2523,RL,CollgCr,5,894,2.0,120296.80227460152
2524,RL,CollgCr,5,1025,2.0,129663.5230060652
2525,RL,CollgCr,5,1009,2.0,144690.43134136376
2526,RL,CollgCr,5,1040,2.0,136412.7830279455
2527,RL,CollgCr,5,907,1.0,118234.9365840163
2528,RL,CollgCr,5,879,2.0,125391.74721502086
2529,RL,CollgCr,5,864,2.0,129205.42669793875
2530,RL,CollgCr,4,875,2.0,139018.046206266
2531,RL,CollgCr,7,1673,2.0,258217.6044866656
2532,RL,CollgCr,7,1932,2.0,227385.82358506502
2533,RL,CollgCr,7,1729,2.0,206205.09761226925
2534,RL,CollgCr,8,1592,2.0,240158.95854088018
2535,RL,CollgCr,8,2439,2.0,301682.0508658257
2536,RL,CollgCr,7,1992,2.0,247324.76106264754
2537,RL,CollgCr,8,1341,2.0,238410.09792781455
2538,RL,CollgCr,7,1476,2.0,191306.4411155233
2539,RL,CollgCr,7,1190,2.0,197631.89811159865
2540,RL,CollgCr,6,1330,2.0,177546.71217145878
2541,RL,CollgCr,7,1491,2.0,191434.0582059496
2542,RL,CollgCr,5,1536,2.0,160996.88930136364
2543,RL,Edwards,5,936,1.0,122383.67988277976
2544,RL,Edwards,4,1088,2.0,115733.70376118478
2545,RL,Edwards,5,1351,2.0,127347.1976243786
2546,RL,Edwards,6,1179,2.0,142001.2744926002
2547,RL,Edwards,6,1044,2.0,150632.8078129308
2548,RL,Edwards,5,2233,2.0,170634.47490645442
2549,RL,Edwards,5,1408,2.0,152404.33845166725
2550,RL,Edwards,10,5095,3.0,1067159.738383698
2551,RM,Edwards,6,1072,2.0,147534.73607512322
2552,RL,Edwards,5,960,1.0,136875.43964456717
2553,RL,Edwards,4,1152,0.0,77969.67309104766
2554,RL,Edwards,5,1195,0.0,100905.8230069345
2555,RL,Edwards,6,865,1.0,128536.45738141617
2556,RL,Edwards,4,768,1.0,100595.83128204124
2557,RL,Edwards,4,864,2.0,101483.32432081261
2558,RL,SWISU,5,2592,0.0,145067.44003964687
2559,RL,Crawfor,5,1422,1.0,117386.91197061168
2560,RL,Crawfor,6,1298,1.0,140714.0729161478
2561,RL,Crawfor,7,1098,1.0,148046.24200252068
2562,RL,Crawfor,6,1436,1.0,126876.16680379851
2563,RL,Crawfor,6,1461,1.0,143852.03276692535
2564,RL,Crawfor,7,1718,2.0,186446.78640330822
2565,RL,Crawfor,5,1226,2.0,137656.35074642918
2566,RL,Crawfor,4,1755,1.0,131185.96688218703
2567,RL,Crawfor,5,1355,2.0,115525.44017911312
2568,RL,Crawfor,6,1560,2.0,197016.0361501522
2569,RL,Crawfor,6,1488,2.0,204265.16120499565
2570,RM,Blueste,6,1045,2.0,134245.21077721578
2571,RL,Crawfor,4,1680,2.0,162396.96758163554
2572,RM,Blueste,8,1020,2.0,164769.27893409913
2573,RL,Crawfor,7,1696,2.0,208661.31954743082
2574,RL,Crawfor,8,2726,2.0,271613.0960062852
2575,RM,IDOTRR,6,1215,2.0,146310.8123627471
2576,RM,IDOTRR,5,1601,0.0,123091.32593272366
2577,RM,IDOTRR,5,1828,,141875.2641175874
2578,RM,IDOTRR,5,816,1.0,99296.25718403487
2579,RM,IDOTRR,2,845,1.0,68180.03493353118
2580,C (all),IDOTRR,5,1991,0.0,100895.49347584737
2581,C (all),IDOTRR,4,1073,2.0,119379.4352958225
2582,C (all),IDOTRR,5,1001,1.0,143243.57379153563
2583,RM,Crawfor,8,1625,2.0,259181.13335947206
2584,RL,Mitchel,6,1299,2.0,179220.96235052703
2585,RL,Mitchel,5,1392,3.0,182805.17194101575
2586,RL,Mitchel,7,1409,2.0,231621.39213355564
2587,RL,Mitchel,7,1478,2.0,200241.45327900487
2588,RL,Mitchel,7,918,1.0,148261.71440104072
2589,RL,Mitchel,6,1026,2.0,154068.57761352113
2590,RL,Timber,7,1501,2.0,221486.7114347926
2591,RL,Timber,6,2279,2.0,233795.68704228115
2592,RL,Timber,7,1689,2.0,215703.59698057454
2593,RL,Timber,8,1564,2.0,221857.22254460634
2594,RL,Timber,7,1240,2.0,193747.2407913427
2595,RL,Timber,8,1312,2.0,215226.25484712716
2596,RL,Timber,8,1922,3.0,295711.4323145518
2597,RL,Timber,6,1491,2.0,186372.0112678114
2598,RL,Timber,7,2486,2.0,275099.5208517573
2599,RL,Timber,10,1824,3.0,351531.240055361
2600,RL,Mitchel,3,2034,4.0,120168.31363438405
2601,RM,Mitchel,6,936,2.0,145876.49245074266
2602,RM,MeadowV,4,1092,1.0,89019.80617472976
2603,RM,MeadowV,4,992,1.0,96138.5428098752
2604,RM,MeadowV,4,1092,0.0,96106.37645555488
2605,RM,MeadowV,4,1092,1.0,86671.86182951645
2606,RL,Mitchel,5,1008,2.0,144168.55470009233
2607,RL,Mitchel,6,1356,2.0,216806.99733695516
2608,RL,Mitchel,5,1676,2.0,215536.53741285432
2609,RL,Mitchel,5,1432,2.0,181365.86595378327
2610,RL,Mitchel,5,796,0.0,116922.25936582654
2611,RL,Mitchel,4,1608,1.0,113289.46711104881
2612,RL,Mitchel,5,1178,2.0,154387.47464764703
2613,RL,Mitchel,5,816,1.0,138281.02889194255
2614,RL,Mitchel,5,887,1.0,126351.1382723938
2615,RL,NAmes,6,1293,2.0,154976.54906903583
2616,RL,NAmes,6,1024,1.0,162470.1220218222
2617,RL,NAmes,5,1797,3.0,182946.59280970614
2618,RL,NAmes,6,1390,2.0,190125.55847968874
2619,RL,NAmes,7,1851,2.0,205450.57254809074
2620,RL,Gilbert,6,1525,2.0,187439.38454723367
2621,RL,Gilbert,6,1671,2.0,172873.01193528355
2622,RL,Gilbert,6,1776,2.0,182992.90231535572
2623,RL,Gilbert,8,2064,2.0,253537.07769021578
2624,RL,Gilbert,7,2212,3.0,305340.05282048107
2625,RL,StoneBr,8,2687,2.0,282024.429187044
2626,RL,Gilbert,6,1169,2.0,184899.74735475937
2627,RL,StoneBr,8,1204,2.0,166262.84246951493
2628,RL,StoneBr,9,2798,3.0,412723.86261608836
2629,RL,StoneBr,10,3390,3.0,469617.179246307
2630,RL,StoneBr,9,2473,3.0,355118.73798818304
2631,RL,StoneBr,10,2698,3.0,442442.3883830212
2632,RL,StoneBr,9,2795,3.0,371408.1244908334
2633,RL,StoneBr,9,1714,2.0,284033.333885236
2634,RL,StoneBr,9,2000,3.0,380256.44588643673
2635,RL,NWAmes,6,1102,2.0,166394.77993650627
2636,RL,NWAmes,7,1857,2.0,186322.49315002526
2637,RL,NWAmes,7,1083,2.0,184486.25739811163
2638,FV,Somerst,7,2318,2.0,250712.17902700952
2639,RL,NWAmes,6,1875,2.0,185453.86712551955
2640,RL,NWAmes,6,1103,2.0,152315.63209356065
2641,RL,NAmes,4,874,2.0,103214.54612232353
2642,RH,NAmes,6,1419,2.0,185822.07049765796
2643,RM,BrDale,6,1092,2.0,114325.72286707358
2644,RM,BrDale,5,1365,2.0,132219.57902740265
2645,RM,BrDale,6,1030,1.0,125667.33310534841
2646,RM,BrDale,6,948,1.0,107089.34745590737
2647,RM,BrDale,6,1092,1.0,117637.16865396913
2648,RL,NPkVill,6,1069,2.0,148927.9954146314
2649,RL,NAmes,5,1387,1.0,159919.39525385495
2650,RL,NPkVill,7,1055,1.0,151169.76021213693
2651,RL,NPkVill,6,1456,2.0,143336.22264534995
2652,RL,NridgHt,9,2589,3.0,391650.28952294413
2653,RL,NridgHt,8,1618,3.0,255717.04176341664
2654,RL,NridgHt,7,1740,3.0,240174.22795224295
2655,RL,NridgHt,9,1868,3.0,390075.7220596071
2656,RL,NridgHt,9,2206,3.0,308409.2958670137
2657,RL,NridgHt,9,2091,2.0,322850.1244240382
2658,RL,NridgHt,8,2253,2.0,281276.85674854147
2659,RL,NridgHt,8,2389,3.0,293137.92119305854
2660,RL,NridgHt,8,2358,3.0,333121.9565326986
2661,RL,NridgHt,9,1792,3.0,330260.59693428257
2662,RL,NridgHt,9,1780,3.0,329587.4895173843
2663,RL,NridgHt,8,1914,3.0,290843.6558001249
2664,RL,NridgHt,9,1565,2.0,258632.3949616679
2665,RL,NridgHt,9,1686,3.0,318849.15008945233
2666,RL,NridgHt,9,1666,2.0,267247.4927377724
2667,RL,Gilbert,6,1456,2.0,177397.27539615263
2668,RL,Gilbert,7,1492,2.0,189484.2815154764
2669,RL,Gilbert,6,1326,2.0,181207.39177905233
2670,RL,Gilbert,8,2373,3.0,283351.77417807817
2671,RL,Gilbert,7,1492,2.0,195046.41103106888
2672,RL,Blmngtn,7,1364,2.0,198691.72973340633
2673,RL,Blmngtn,7,1511,2.0,206360.94870064833
2674,RM,Blmngtn,7,1548,2.0,207794.02626083774
2675,RL,Blmngtn,7,1142,2.0,178940.697376996
2676,RL,Gilbert,7,1598,2.0,206633.57835388463
2677,RL,Gilbert,6,1889,2.0,202342.56297989225
2678,RL,Gilbert,7,2322,3.0,254678.88329270395
2679,RL,NoRidge,8,1976,3.0,282162.1429497027
2680,RL,NoRidge,8,2234,3.0,280159.6360938494
2681,RL,NoRidge,9,2855,3.0,397200.1278089967
2682,RL,NoRidge,8,2726,3.0,330955.07539665647
2683,RL,NoRidge,9,3500,3.0,575110.7713654008
2684,RL,NoRidge,8,2494,3.0,317489.9012087512
2685,RL,NoRidge,8,2799,3.0,341244.29453504476
2686,RL,Somerst,8,1964,2.0,262746.5993574939
2687,RL,Somerst,8,1670,3.0,300880.41555866826
2688,RL,Somerst,8,1504,2.0,222034.22181725182
2689,FV,Somerst,8,1278,2.0,207925.3724172229
2690,FV,Somerst,9,2640,3.0,384212.34619682515
2691,FV,Somerst,6,1716,2.0,186954.90967194474
2692,RL,SawyerW,6,1142,0.0,149788.48512738972
2693,RL,SawyerW,7,1400,2.0,206017.84277218356
2694,RL,SawyerW,6,1131,0.0,145692.77209981083
2695,RL,SawyerW,7,1686,2.0,202858.77988962812
2696,RL,SawyerW,7,1585,2.0,195672.9855330334
2697,RL,SawyerW,6,1837,2.0,188205.27223219423
2698,RL,SawyerW,6,1731,2.0,200974.51673970398
2699,RL,SawyerW,6,1398,2.0,169248.2015740844
2700,RL,SawyerW,6,1217,2.0,154440.39113848985
2701,RL,SawyerW,6,1320,2.0,160237.40211160757
2702,RL,Sawyer,5,988,2.0,114881.3946021844
2703,RM,Sawyer,6,1654,2.0,153918.13955839665
2704,RL,Sawyer,5,1211,2.0,146386.94218443686
2705,RL,Sawyer,5,984,1.0,115188.00135187828
2706,RL,Sawyer,5,909,1.0,115602.53704163781
2707,RL,Sawyer,5,925,2.0,125266.35756415498
2708,RL,Sawyer,5,1024,1.0,127187.2348107506
2709,RL,Sawyer,5,912,0.0,110571.09211556958
2710,RL,Sawyer,5,941,1.0,130413.45930839858
2711,RL,Veenker,7,2646,2.0,217628.8906671219
2712,RL,NoRidge,8,2826,3.0,376792.28103954875
2713,FV,Somerst,7,1143,2.0,176029.60470242516
2714,FV,Somerst,7,1223,2.0,157800.97403888064
2715,FV,Somerst,6,1524,2.0,156098.21707731424
2716,FV,Somerst,7,1080,2.0,156081.36058601612
2717,FV,Somerst,7,1694,1.0,193403.6529915756
2718,FV,Somerst,8,1568,2.0,226026.56878792995
2719,RL,NWAmes,5,1193,2.0,140757.2366188484
2720,RL,NWAmes,7,1334,2.0,192802.80718672514
2721,RL,NAmes,5,1051,2.0,129580.74036170742
2722,RL,NAmes,5,1770,2.0,166031.5623273116
2723,RL,NAmes,6,976,2.0,160794.2574468544
2724,RL,NAmes,5,898,1.0,125936.02024100357
2725,RL,NAmes,5,1051,1.0,126197.03969335514
2726,RL,NAmes,5,1141,1.0,148997.6644622593
2727,RL,NAmes,6,1565,1.0,187075.4066763839
2728,RL,NAmes,6,1488,2.0,181479.67197556887
2729,RL,NAmes,5,1440,2.0,148266.58286504258
2730,RL,NAmes,5,1248,1.0,143960.4328487528
2731,RL,NAmes,6,816,1.0,139536.94433143787
2732,RL,NAmes,5,1043,1.0,127502.71452460138
2733,RL,NAmes,5,1433,2.0,160303.44951463505
2734,RL,NAmes,5,1624,1.0,150613.64469681375
2735,RL,NAmes,5,1216,1.0,126504.51067280844
2736,RL,NAmes,5,1728,1.0,137108.8285772533
2737,RL,NAmes,5,936,1.0,119434.76810877389
2738,RL,NAmes,5,1584,2.0,133869.86773648634
2739,RL,NAmes,6,1246,2.0,151306.28348155957
2740,RL,NAmes,6,1008,2.0,144477.23064280383
2741,RL,NAmes,5,1364,1.0,135152.45334197264
2742,RL,NAmes,6,1336,2.0,161459.86689356915
2743,RL,NAmes,5,1370,1.0,151587.0263422498
2744,RL,NAmes,6,1124,1.0,168358.84610726274
2745,RL,NAmes,6,1050,1.0,161356.48044967253
2746,RL,NAmes,5,1008,1.0,128436.04543983206
2747,RL,NAmes,6,1575,2.0,151012.23045897478
2748,RL,NAmes,5,1145,2.0,130499.93818346452
2749,RL,NAmes,5,1005,1.0,136580.9337065039
2750,RL,NAmes,5,1056,1.0,127847.84662238268
2751,RL,NAmes,5,884,1.0,133618.62759876647
2752,RL,NAmes,7,2039,3.0,203909.765949812
2753,RL,NAmes,5,1384,2.0,153812.22239073593
2754,RL,OldTown,5,2640,3.0,202840.55917668503
2755,RL,NAmes,6,1312,2.0,138978.30522893672
2756,RL,OldTown,3,713,1.0,103467.41057060385
2757,RL,NAmes,3,715,2.0,77430.2390594128
2758,RL,OldTown,4,720,1.0,102058.45718097934
2759,RL,OldTown,6,1595,2.0,158755.11236766123
2760,RL,OldTown,4,1760,2.0,112011.78327835443
2761,RL,NAmes,6,1146,1.0,136908.21696214253
2762,RL,NAmes,6,1207,1.0,137763.12684012012
2763,RL,NAmes,6,1773,2.0,198094.87813302173
2764,RL,NAmes,7,1472,2.0,168806.0070475542
2765,RL,NAmes,7,2448,2.0,294636.8870683395
2766,RL,NAmes,4,1521,1.0,133292.28766183194
2767,RL,NAmes,3,1040,2.0,82014.90703806283
2768,RL,NAmes,5,1556,0.0,116131.88196479063
2769,RL,NAmes,5,1150,1.0,125783.49970275263
2770,RL,NAmes,7,1045,2.0,155087.9101931777
2771,RL,NAmes,5,864,1.0,116960.47100430848
2772,RL,NAmes,5,1025,0.0,102678.42890511885
2773,RM,OldTown,5,2014,2.0,161907.26451610407
2774,RM,OldTown,5,1668,1.0,134177.74641236852
2775,RM,OldTown,4,1657,1.0,115588.03534012372
2776,RM,OldTown,6,1416,2.0,142945.07943119647
2777,RM,OldTown,7,1428,2.0,146624.8202546431
2778,RM,OldTown,7,1004,1.0,137027.71945326182
2779,RM,OldTown,4,1951,2.0,109357.03600007725
2780,RM,OldTown,6,1032,1.0,102871.97367746623
2781,RM,OldTown,5,844,1.0,104251.91296171761
2782,RM,OldTown,4,864,1.0,102849.77456552755
2783,RM,OldTown,3,1376,1.0,92708.80634291327
2784,RM,OldTown,5,960,2.0,118592.83958843458
2785,RM,OldTown,5,1566,2.0,136659.21315267886
2786,RM,OldTown,3,492,1.0,72636.91236780563
2787,RM,OldTown,6,1182,1.0,131686.7845741056
2788,RM,OldTown,3,840,1.0,75568.16525748748
2789,RM,OldTown,7,2104,2.0,165979.47574571177
2790,RM,OldTown,5,1248,0.0,104575.43226526989
2791,RM,OldTown,5,960,2.0,107775.79065626148
2792,C (all),IDOTRR,3,1020,0.0,67411.0123132031
2793,RL,BrkSide,6,1827,1.0,153257.18209330662
2794,RM,BrkSide,3,1162,1.0,89349.45253488701
2795,RM,BrkSide,5,1324,1.0,124074.36054973444
2796,RL,BrkSide,5,816,1.0,97347.76955190259
2797,RM,OldTown,6,2486,2.0,189314.37495843926
2798,RM,IDOTRR,4,1430,2.0,111944.83734424323
2799,RM,IDOTRR,5,1330,1.0,116157.73515157128
2800,RM,IDOTRR,5,819,0.0,78597.98851444595
2801,RM,IDOTRR,6,984,1.0,118017.26050076622
2802,RL,Sawyer,5,1422,1.0,120820.95916180834
2803,RL,Sawyer,6,1921,2.0,153637.56861534054
2804,RL,Sawyer,5,1640,2.0,136803.8427522991
2805,RL,Edwards,5,1032,1.0,115338.38255388422
2806,RL,SWISU,5,879,1.0,88324.36729365349
2807,RL,SWISU,7,1073,1.0,167076.3551053722
2808,RL,Sawyer,5,1064,2.0,148835.5822948256
2809,RL,Sawyer,6,934,1.0,137685.35874561354
2810,RL,Sawyer,5,1059,1.0,128162.03828834364
2811,RL,Sawyer,5,1458,2.0,155901.668038728
2812,RL,Sawyer,6,1040,2.0,172030.13571035984
2813,RL,Sawyer,5,1967,2.0,157495.3331800178
2814,RL,Sawyer,5,1949,2.0,154581.31962872087
2815,RL,Sawyer,5,872,1.0,102085.90187999784
2816,RL,ClearCr,7,1830,2.0,230455.49265056764
2817,RL,ClearCr,5,1000,2.0,153867.75293348203
2818,RL,Sawyer,5,810,2.0,134303.6099160711
2819,RL,ClearCr,7,1700,1.0,191356.7201564427
2820,RL,Edwards,4,1350,2.0,131829.60014724702
2821,RL,Edwards,5,1150,1.0,115571.65525425735
2822,RL,Edwards,6,2009,3.0,197133.1046542622
2823,RL,Edwards,6,3672,2.0,328304.04809237085
2824,RL,Edwards,5,1560,2.0,172690.9924127383
2825,RL,Edwards,5,1488,2.0,161394.3298723965
2826,RL,Edwards,5,1057,1.0,142555.02673048378
2827,RL,Edwards,6,1609,1.0,137127.597581617
2828,RL,SawyerW,6,2559,2.0,223307.20331792696
2829,RL,SawyerW,6,1440,4.0,243755.43764470206
2830,RL,CollgCr,7,1876,3.0,223535.6585329502
2831,RL,CollgCr,7,1208,2.0,201094.2561253904
2832,RL,CollgCr,6,1846,2.0,230541.864376537
2833,RL,CollgCr,8,1590,3.0,270701.1136291496
2834,RL,CollgCr,7,1809,2.0,222293.179897228
2835,RL,CollgCr,7,1614,2.0,227516.92699297855
2836,RL,CollgCr,7,1596,2.0,203231.25588833538
2837,RL,ClearCr,6,1388,2.0,158113.3536003126
2838,RL,CollgCr,5,1100,2.0,147704.18821949288
2839,RL,CollgCr,6,1499,2.0,182223.55836353483
2840,RL,CollgCr,7,1425,2.0,202710.04052512484
2841,RL,CollgCr,7,1749,2.0,211760.28370703326
2842,RL,CollgCr,7,1779,2.0,237705.87387683068
2843,RL,CollgCr,6,1388,1.0,157809.58591454767
2844,RL,CollgCr,6,1282,3.0,173219.18468493974
2845,RL,CollgCr,5,864,1.0,134577.85085395412
2846,RL,CollgCr,7,1762,2.0,220075.86119726917
2847,RL,CollgCr,6,1755,2.0,201964.02781051767
2848,RL,CollgCr,8,1358,2.0,222470.31859445517
2849,RL,CollgCr,7,1909,2.0,204901.44816869474
2850,RL,CollgCr,8,2214,3.0,293665.0375991138
2851,RL,CollgCr,7,2049,2.0,223430.6255813583
2852,RL,CollgCr,7,1939,3.0,236266.4104513437
2853,RL,CollgCr,7,1995,2.0,241362.85909014044
2854,RM,CollgCr,6,848,2.0,151309.82557340615
2855,RL,CollgCr,7,1390,2.0,209927.19290458848
2856,RL,CollgCr,7,1737,2.0,208185.16603076243
2857,RL,CollgCr,7,1611,2.0,200566.18921539185
2858,RL,CollgCr,7,1336,2.0,208073.33133593612
2859,RL,Edwards,4,1436,2.0,109111.86595122302
2860,RL,Edwards,6,1012,0.0,122921.7461359594
2861,RL,Edwards,5,1176,1.0,125513.05610961738
2862,RL,Edwards,7,1724,2.0,211877.4541426464
2863,RL,Edwards,6,914,0.0,141760.27829947072
2864,RL,Edwards,7,2314,2.0,243710.92378905063
2865,RM,Edwards,6,1072,2.0,144108.10493247048
2866,RM,Edwards,7,1709,2.0,172487.72688230083
2867,RL,Edwards,4,936,1.0,108006.38527711257
2868,RL,Edwards,6,1338,2.0,103113.71480348437
2869,RL,Edwards,4,1669,1.0,106131.85456397635
2870,RL,Edwards,4,1482,2.0,125147.49816222528
2871,RL,Edwards,4,1414,0.0,87637.63109661038
2872,RL,Edwards,2,498,1.0,57520.5535303959
2873,RL,Edwards,4,1273,1.0,105071.2921438474
2874,RL,SWISU,5,1551,1.0,126412.26803829045
2875,RH,SWISU,6,1340,1.0,122149.49351817714
2876,RL,SWISU,7,1479,1.0,186801.8090754522
2877,RL,SWISU,6,1510,1.0,147248.73869471802
2878,RL,Crawfor,7,1636,1.0,167610.59350127357
2879,RL,SWISU,5,1465,1.0,125239.41076072116
2880,RL,SWISU,5,1288,1.0,102419.92941221061
2881,RL,Crawfor,6,1550,1.0,136094.8676496318
2882,RL,Crawfor,5,1717,1.0,155031.61068188888
2883,RL,Crawfor,7,1671,2.0,179693.08932794337
2884,RL,Crawfor,7,1609,3.0,195475.2618348719
2885,RL,Crawfor,6,1801,2.0,166033.72566761263
2886,RL,Crawfor,5,2315,1.0,217617.84530616677
2887,RM,IDOTRR,5,976,1.0,107348.82097148919
2888,RM,IDOTRR,6,1285,2.0,147168.2869652458
2889,RM,IDOTRR,4,672,0.0,69395.00418555287
2890,RM,IDOTRR,4,641,1.0,90280.80342297282
2891,RM,IDOTRR,6,1638,1.0,136651.62905404266
2892,C (all),IDOTRR,3,729,0.0,69623.47308588456
2893,C (all),IDOTRR,5,1396,0.0,100890.43700094243
2894,C (all),IDOTRR,3,936,0.0,71371.62529298979
2895,RM,Crawfor,8,1778,2.0,283199.9587663315
2896,RM,Crawfor,8,1646,2.0,267954.277727549
2897,RL,Mitchel,6,1625,2.0,206386.88219888383
2898,RL,Mitchel,6,1664,2.0,159621.29088655306
2899,RL,Mitchel,8,1491,2.0,221040.24257975866
2900,RL,Mitchel,6,1210,2.0,151631.11674211454
2901,RL,Timber,6,1650,2.0,199882.474856317
2902,RL,Timber,6,1403,2.0,187586.0004289047
2903,RL,Timber,8,1960,3.0,318020.763215862
2904,RL,Timber,9,1838,3.0,325058.3040997247
2905,,Mitchel,1,1600,1.0,78233.93145691865
2906,RM,Mitchel,7,1368,4.0,202919.56776472792
2907,RM,MeadowV,5,1304,1.0,125830.11190539652
2908,RL,Mitchel,5,874,1.0,134178.03507953323
2909,RL,Mitchel,5,1652,3.0,154618.61497529963
2910,RM,MeadowV,4,630,0.0,88104.91360702777
2911,RM,MeadowV,4,1092,1.0,90163.52165364058
2912,RL,Mitchel,5,1360,1.0,148971.16736909866
2913,RM,MeadowV,4,1092,1.0,92837.06106682436
2914,RM,MeadowV,4,1092,0.0,87005.25986121506
2915,RM,MeadowV,4,1092,0.0,98335.64771741713
2916,RM,MeadowV,4,1092,1.0,94442.25181762005
2917,RL,Mitchel,5,1224,2.0,166706.36485568876
2918,RL,Mitchel,5,970,0.0,118993.82869581081
2919,RL,Mitchel,7,2000,3.0,233468.3053159207
